Device,Kernel,M,N,K,Total Problem Size (KiB),sparsity,Iterations,Total Seconds,GFLOP/s
cpu,sgemm,1,1,1,0.012,0.99000001,2,0.00942,0.000
gpu_offloadOnce,sgemm,1,1,1,0.012,0.99000001,2,0.06214,0.000
gpu_offloadAlways,sgemm,1,1,1,0.012,0.99000001,2,0.00016,0.000
gpu_unified,sgemm,1,1,1,0.012,0.99000001,2,0.05244,0.000
cpu,sgemm,2,2,2,0.047,0.99000001,2,0.00002,0.002
gpu_offloadOnce,sgemm,2,2,2,0.047,0.99000001,2,0.04628,0.000
gpu_offloadAlways,sgemm,2,2,2,0.047,0.99000001,2,0.00023,0.000
gpu_unified,sgemm,2,2,2,0.047,0.99000001,2,0.04753,0.000
cpu,sgemm,3,3,3,0.105,0.99000001,2,0.00001,0.010
gpu_offloadOnce,sgemm,3,3,3,0.105,0.99000001,2,0.00024,0.001
gpu_offloadAlways,sgemm,3,3,3,0.105,0.99000001,2,0.00019,0.001
gpu_unified,sgemm,3,3,3,0.105,0.99000001,2,0.00085,0.000
cpu,sgemm,4,4,4,0.188,0.99000001,2,0.00001,0.032
gpu_offloadOnce,sgemm,4,4,4,0.188,0.99000001,2,0.00016,0.002
gpu_offloadAlways,sgemm,4,4,4,0.188,0.99000001,2,0.00019,0.002
gpu_unified,sgemm,4,4,4,0.188,0.99000001,2,0.00068,0.000
cpu,sgemm,5,5,5,0.293,0.99000001,2,0.00001,0.065
gpu_offloadOnce,sgemm,5,5,5,0.293,0.99000001,2,0.00019,0.003
gpu_offloadAlways,sgemm,5,5,5,0.293,0.99000001,2,0.00019,0.003
gpu_unified,sgemm,5,5,5,0.293,0.99000001,2,0.00068,0.001
cpu,sgemm,6,6,6,0.422,0.99000001,2,0.00001,0.119
gpu_offloadOnce,sgemm,6,6,6,0.422,0.99000001,2,0.00018,0.005
gpu_offloadAlways,sgemm,6,6,6,0.422,0.99000001,2,0.00019,0.005
gpu_unified,sgemm,6,6,6,0.422,0.99000001,2,0.00073,0.001
cpu,sgemm,7,7,7,0.574,0.99000001,2,0.00001,0.188
gpu_offloadOnce,sgemm,7,7,7,0.574,0.99000001,2,0.00018,0.008
gpu_offloadAlways,sgemm,7,7,7,0.574,0.99000001,2,0.00019,0.008
gpu_unified,sgemm,7,7,7,0.574,0.99000001,2,0.00070,0.002
cpu,sgemm,8,8,8,0.750,0.99000001,2,0.00001,0.254
gpu_offloadOnce,sgemm,8,8,8,0.750,0.99000001,2,0.11658,0.000
gpu_offloadAlways,sgemm,8,8,8,0.750,0.99000001,2,0.00022,0.010
gpu_unified,sgemm,8,8,8,0.750,0.99000001,2,0.11591,0.000
cpu,sgemm,9,9,9,0.949,0.99000001,2,0.00001,0.268
gpu_offloadOnce,sgemm,9,9,9,0.949,0.99000001,2,0.00031,0.010
gpu_offloadAlways,sgemm,9,9,9,0.949,0.99000001,2,0.00030,0.010
gpu_unified,sgemm,9,9,9,0.949,0.99000001,2,0.00085,0.004
cpu,sgemm,10,10,10,1.172,0.99000001,2,0.00001,0.377
gpu_offloadOnce,sgemm,10,10,10,1.172,0.99000001,2,0.00024,0.018
gpu_offloadAlways,sgemm,10,10,10,1.172,0.99000001,2,0.00024,0.018
gpu_unified,sgemm,10,10,10,1.172,0.99000001,2,0.00072,0.006
cpu,sgemm,11,11,11,1.418,0.99000001,2,0.00001,0.529
gpu_offloadOnce,sgemm,11,11,11,1.418,0.99000001,2,0.00028,0.020
gpu_offloadAlways,sgemm,11,11,11,1.418,0.99000001,2,0.00024,0.023
gpu_unified,sgemm,11,11,11,1.418,0.99000001,2,0.00070,0.008
cpu,sgemm,12,12,12,1.688,0.99000001,2,0.00001,0.642
gpu_offloadOnce,sgemm,12,12,12,1.688,0.99000001,2,0.00023,0.031
gpu_offloadAlways,sgemm,12,12,12,1.688,0.99000001,2,0.00023,0.032
gpu_unified,sgemm,12,12,12,1.688,0.99000001,2,0.00071,0.010
cpu,sgemm,13,13,13,1.980,0.99000001,2,0.00001,0.856
gpu_offloadOnce,sgemm,13,13,13,1.980,0.99000001,2,0.00019,0.047
gpu_offloadAlways,sgemm,13,13,13,1.980,0.99000001,2,0.00022,0.041
gpu_unified,sgemm,13,13,13,1.980,0.99000001,2,0.00073,0.013
cpu,sgemm,14,14,14,2.297,0.99000001,2,0.00001,1.100
gpu_offloadOnce,sgemm,14,14,14,2.297,0.99000001,2,0.00029,0.039
gpu_offloadAlways,sgemm,14,14,14,2.297,0.99000001,2,0.00023,0.049
gpu_unified,sgemm,14,14,14,2.297,0.99000001,2,0.00072,0.016
cpu,sgemm,15,15,15,2.637,0.99000001,2,0.00001,1.266
gpu_offloadOnce,sgemm,15,15,15,2.637,0.99000001,2,0.00021,0.067
gpu_offloadAlways,sgemm,15,15,15,2.637,0.99000001,2,0.00023,0.060
gpu_unified,sgemm,15,15,15,2.637,0.99000001,2,0.00070,0.020
cpu,sgemm,16,16,16,3.000,0.99000001,2,0.00001,1.984
gpu_offloadOnce,sgemm,16,16,16,3.000,0.99000001,2,0.11625,0.000
gpu_offloadAlways,sgemm,16,16,16,3.000,0.99000001,2,0.00023,0.073
gpu_unified,sgemm,16,16,16,3.000,0.99000001,2,0.11583,0.000
cpu,sgemm,17,17,17,3.387,0.99000001,2,0.00001,2.126
gpu_offloadOnce,sgemm,17,17,17,3.387,0.99000001,2,0.00042,0.048
gpu_offloadAlways,sgemm,17,17,17,3.387,0.99000001,2,0.00025,0.081
gpu_unified,sgemm,17,17,17,3.387,0.99000001,2,0.00084,0.024
cpu,sgemm,18,18,18,3.797,0.99000001,2,0.00001,2.630
gpu_offloadOnce,sgemm,18,18,18,3.797,0.99000001,2,0.00021,0.117
gpu_offloadAlways,sgemm,18,18,18,3.797,0.99000001,2,0.00023,0.104
gpu_unified,sgemm,18,18,18,3.797,0.99000001,2,0.00074,0.032
cpu,sgemm,19,19,19,4.230,0.99000001,2,0.00001,3.168
gpu_offloadOnce,sgemm,19,19,19,4.230,0.99000001,2,0.00024,0.117
gpu_offloadAlways,sgemm,19,19,19,4.230,0.99000001,2,0.00024,0.117
gpu_unified,sgemm,19,19,19,4.230,0.99000001,2,0.00071,0.040
cpu,sgemm,20,20,20,4.688,0.99000001,2,0.00001,3.545
gpu_offloadOnce,sgemm,20,20,20,4.688,0.99000001,2,0.00029,0.112
gpu_offloadAlways,sgemm,20,20,20,4.688,0.99000001,2,0.00024,0.136
gpu_unified,sgemm,20,20,20,4.688,0.99000001,2,0.00073,0.045
cpu,sgemm,21,21,21,5.168,0.99000001,2,0.00001,4.163
gpu_offloadOnce,sgemm,21,21,21,5.168,0.99000001,2,0.00020,0.193
gpu_offloadAlways,sgemm,21,21,21,5.168,0.99000001,2,0.00023,0.162
gpu_unified,sgemm,21,21,21,5.168,0.99000001,2,0.00072,0.053
cpu,sgemm,22,22,22,5.672,0.99000001,2,0.00001,4.946
gpu_offloadOnce,sgemm,22,22,22,5.672,0.99000001,2,0.00020,0.218
gpu_offloadAlways,sgemm,22,22,22,5.672,0.99000001,2,0.00029,0.148
gpu_unified,sgemm,22,22,22,5.672,0.99000001,2,0.00069,0.063
cpu,sgemm,23,23,23,6.199,0.99000001,2,0.00001,5.263
gpu_offloadOnce,sgemm,23,23,23,6.199,0.99000001,2,0.00028,0.176
gpu_offloadAlways,sgemm,23,23,23,6.199,0.99000001,2,0.00023,0.214
gpu_unified,sgemm,23,23,23,6.199,0.99000001,2,0.00070,0.071
cpu,sgemm,24,24,24,6.750,0.99000001,2,0.00001,5.787
gpu_offloadOnce,sgemm,24,24,24,6.750,0.99000001,2,0.00022,0.258
gpu_offloadAlways,sgemm,24,24,24,6.750,0.99000001,2,0.00024,0.233
gpu_unified,sgemm,24,24,24,6.750,0.99000001,2,0.00070,0.081
cpu,sgemm,25,25,25,7.324,0.99000001,2,0.00001,6.612
gpu_offloadOnce,sgemm,25,25,25,7.324,0.99000001,2,0.00023,0.273
gpu_offloadAlways,sgemm,25,25,25,7.324,0.99000001,2,0.00027,0.234
gpu_unified,sgemm,25,25,25,7.324,0.99000001,2,0.00073,0.088
cpu,sgemm,26,26,26,7.922,0.99000001,2,0.00001,6.990
gpu_offloadOnce,sgemm,26,26,26,7.922,0.99000001,2,0.00023,0.313
gpu_offloadAlways,sgemm,26,26,26,7.922,0.99000001,2,0.00026,0.272
gpu_unified,sgemm,26,26,26,7.922,0.99000001,2,0.00072,0.099
cpu,sgemm,27,27,27,8.543,0.99000001,2,0.00001,7.561
gpu_offloadOnce,sgemm,27,27,27,8.543,0.99000001,2,0.00024,0.328
gpu_offloadAlways,sgemm,27,27,27,8.543,0.99000001,2,0.00027,0.295
gpu_unified,sgemm,27,27,27,8.543,0.99000001,2,0.00074,0.108
cpu,sgemm,28,28,28,9.188,0.99000001,2,0.00001,8.666
gpu_offloadOnce,sgemm,28,28,28,9.188,0.99000001,2,0.00034,0.265
gpu_offloadAlways,sgemm,28,28,28,9.188,0.99000001,2,0.00030,0.293
gpu_unified,sgemm,28,28,28,9.188,0.99000001,2,0.00077,0.117
cpu,sgemm,29,29,29,9.855,0.99000001,2,0.00001,6.770
gpu_offloadOnce,sgemm,29,29,29,9.855,0.99000001,2,0.00025,0.404
gpu_offloadAlways,sgemm,29,29,29,9.855,0.99000001,2,0.00027,0.370
gpu_unified,sgemm,29,29,29,9.855,0.99000001,2,0.00076,0.131
cpu,sgemm,30,30,30,10.547,0.99000001,2,0.00001,9.959
gpu_offloadOnce,sgemm,30,30,30,10.547,0.99000001,2,0.00029,0.383
gpu_offloadAlways,sgemm,30,30,30,10.547,0.99000001,2,0.00026,0.424
gpu_unified,sgemm,30,30,30,10.547,0.99000001,2,0.00071,0.155
cpu,sgemm,31,31,31,11.262,0.99000001,2,0.00001,10.393
gpu_offloadOnce,sgemm,31,31,31,11.262,0.99000001,2,0.00024,0.514
gpu_offloadAlways,sgemm,31,31,31,11.262,0.99000001,2,0.00026,0.457
gpu_unified,sgemm,31,31,31,11.262,0.99000001,2,0.00090,0.135
cpu,sgemm,32,32,32,12.000,0.99000001,2,0.00001,11.303
gpu_offloadOnce,sgemm,32,32,32,12.000,0.99000001,2,0.11907,0.001
gpu_offloadAlways,sgemm,32,32,32,12.000,0.99000001,2,0.00023,0.574
gpu_unified,sgemm,32,32,32,12.000,0.99000001,2,0.11828,0.001
cpu,sgemm,33,33,33,12.762,0.99000001,2,0.00001,11.235
gpu_offloadOnce,sgemm,33,33,33,12.762,0.99000001,2,0.00044,0.329
gpu_offloadAlways,sgemm,33,33,33,12.762,0.99000001,2,0.00024,0.605
gpu_unified,sgemm,33,33,33,12.762,0.99000001,2,0.00083,0.175
cpu,sgemm,34,34,34,13.547,0.99000001,2,0.00001,13.032
gpu_offloadOnce,sgemm,34,34,34,13.547,0.99000001,2,0.00022,0.733
gpu_offloadAlways,sgemm,34,34,34,13.547,0.99000001,2,0.00032,0.505
gpu_unified,sgemm,34,34,34,13.547,0.99000001,2,0.00071,0.224
cpu,sgemm,35,35,35,14.355,0.99000001,2,0.00001,13.967
gpu_offloadOnce,sgemm,35,35,35,14.355,0.99000001,2,0.00022,0.807
gpu_offloadAlways,sgemm,35,35,35,14.355,0.99000001,2,0.00024,0.731
gpu_unified,sgemm,35,35,35,14.355,0.99000001,2,0.00072,0.241
cpu,sgemm,36,36,36,15.188,0.99000001,2,0.00001,16.060
gpu_offloadOnce,sgemm,36,36,36,15.188,0.99000001,2,0.00020,0.929
gpu_offloadAlways,sgemm,36,36,36,15.188,0.99000001,2,0.00024,0.801
gpu_unified,sgemm,36,36,36,15.188,0.99000001,2,0.00072,0.262
cpu,sgemm,37,37,37,16.043,0.99000001,2,0.00001,15.515
gpu_offloadOnce,sgemm,37,37,37,16.043,0.99000001,2,0.00020,1.010
gpu_offloadAlways,sgemm,37,37,37,16.043,0.99000001,2,0.00023,0.882
gpu_unified,sgemm,37,37,37,16.043,0.99000001,2,0.00071,0.288
cpu,sgemm,38,38,38,16.922,0.99000001,2,0.00001,16.430
gpu_offloadOnce,sgemm,38,38,38,16.922,0.99000001,2,0.00023,0.950
gpu_offloadAlways,sgemm,38,38,38,16.922,0.99000001,2,0.00024,0.940
gpu_unified,sgemm,38,38,38,16.922,0.99000001,2,0.00070,0.317
cpu,sgemm,39,39,39,17.824,0.99000001,2,0.00001,17.006
gpu_offloadOnce,sgemm,39,39,39,17.824,0.99000001,2,0.00029,0.840
gpu_offloadAlways,sgemm,39,39,39,17.824,0.99000001,2,0.00024,1.000
gpu_unified,sgemm,39,39,39,17.824,0.99000001,2,0.00082,0.294
cpu,sgemm,40,40,40,18.750,0.99000001,2,0.00001,19.159
gpu_offloadOnce,sgemm,40,40,40,18.750,0.99000001,2,0.00029,0.902
gpu_offloadAlways,sgemm,40,40,40,18.750,0.99000001,2,0.00024,1.079
gpu_unified,sgemm,40,40,40,18.750,0.99000001,2,0.00074,0.352
cpu,sgemm,41,41,41,19.699,0.99000001,2,0.00001,18.890
gpu_offloadOnce,sgemm,41,41,41,19.699,0.99000001,2,0.00025,1.114
gpu_offloadAlways,sgemm,41,41,41,19.699,0.99000001,2,0.00027,1.023
gpu_unified,sgemm,41,41,41,19.699,0.99000001,2,0.00072,0.388
cpu,sgemm,42,42,42,20.672,0.99000001,2,0.00001,20.236
gpu_offloadOnce,sgemm,42,42,42,20.672,0.99000001,2,0.00024,1.226
gpu_offloadAlways,sgemm,42,42,42,20.672,0.99000001,2,0.00027,1.102
gpu_unified,sgemm,42,42,42,20.672,0.99000001,2,0.00073,0.412
cpu,sgemm,43,43,43,21.668,0.99000001,2,0.00012,2.641
gpu_offloadOnce,sgemm,43,43,43,21.668,0.99000001,2,0.00034,0.950
gpu_offloadAlways,sgemm,43,43,43,21.668,0.99000001,2,0.00040,0.806
gpu_unified,sgemm,43,43,43,21.668,0.99000001,2,0.00076,0.425
cpu,sgemm,44,44,44,22.688,0.99000001,2,0.00003,13.700
gpu_offloadOnce,sgemm,44,44,44,22.688,0.99000001,2,0.00035,0.998
gpu_offloadAlways,sgemm,44,44,44,22.688,0.99000001,2,0.00039,0.889
gpu_unified,sgemm,44,44,44,22.688,0.99000001,2,0.00081,0.424
cpu,sgemm,45,45,45,23.730,0.99000001,2,0.00003,14.179
gpu_offloadOnce,sgemm,45,45,45,23.730,0.99000001,2,0.00033,1.112
gpu_offloadAlways,sgemm,45,45,45,23.730,0.99000001,2,0.00041,0.897
gpu_unified,sgemm,45,45,45,23.730,0.99000001,2,0.00075,0.492
cpu,sgemm,46,46,46,24.797,0.99000001,2,0.00003,14.811
gpu_offloadOnce,sgemm,46,46,46,24.797,0.99000001,2,0.00045,0.875
gpu_offloadAlways,sgemm,46,46,46,24.797,0.99000001,2,0.00043,0.910
gpu_unified,sgemm,46,46,46,24.797,0.99000001,2,0.00076,0.518
cpu,sgemm,47,47,47,25.887,0.99000001,2,0.00003,15.646
gpu_offloadOnce,sgemm,47,47,47,25.887,0.99000001,2,0.00033,1.266
gpu_offloadAlways,sgemm,47,47,47,25.887,0.99000001,2,0.00043,0.968
gpu_unified,sgemm,47,47,47,25.887,0.99000001,2,0.00075,0.559
cpu,sgemm,48,48,48,27.000,0.99000001,2,0.00003,16.450
gpu_offloadOnce,sgemm,48,48,48,27.000,0.99000001,2,0.00028,1.569
gpu_offloadAlways,sgemm,48,48,48,27.000,0.99000001,2,0.00034,1.305
gpu_unified,sgemm,48,48,48,27.000,0.99000001,2,0.00074,0.605
cpu,sgemm,49,49,49,28.137,0.99000001,2,0.02032,0.023
gpu_offloadOnce,sgemm,49,49,49,28.137,0.99000001,2,0.00042,1.135
gpu_offloadAlways,sgemm,49,49,49,28.137,0.99000001,2,0.00044,1.069
gpu_unified,sgemm,49,49,49,28.137,0.99000001,2,0.00085,0.559
cpu,sgemm,50,50,50,29.297,0.99000001,2,0.00003,15.170
gpu_offloadOnce,sgemm,50,50,50,29.297,0.99000001,2,0.00035,1.456
gpu_offloadAlways,sgemm,50,50,50,29.297,0.99000001,2,0.00040,1.278
gpu_unified,sgemm,50,50,50,29.297,0.99000001,2,0.00075,0.672
cpu,sgemm,51,51,51,30.480,0.99000001,2,0.00003,16.773
gpu_offloadOnce,sgemm,51,51,51,30.480,0.99000001,2,0.00033,1.606
gpu_offloadAlways,sgemm,51,51,51,30.480,0.99000001,2,0.00039,1.363
gpu_unified,sgemm,51,51,51,30.480,0.99000001,2,0.00075,0.714
cpu,sgemm,52,52,52,31.688,0.99000001,2,0.00005,11.757
gpu_offloadOnce,sgemm,52,52,52,31.688,0.99000001,2,0.00039,1.444
gpu_offloadAlways,sgemm,52,52,52,31.688,0.99000001,2,0.00040,1.436
gpu_unified,sgemm,52,52,52,31.688,0.99000001,2,0.00074,0.764
cpu,sgemm,53,53,53,32.918,0.99000001,2,0.00003,17.228
gpu_offloadOnce,sgemm,53,53,53,32.918,0.99000001,2,0.00034,1.770
gpu_offloadAlways,sgemm,53,53,53,32.918,0.99000001,2,0.00039,1.560
gpu_unified,sgemm,53,53,53,32.918,0.99000001,2,0.00075,0.797
cpu,sgemm,54,54,54,34.172,0.99000001,2,0.03020,0.021
gpu_offloadOnce,sgemm,54,54,54,34.172,0.99000001,2,0.00146,0.436
gpu_offloadAlways,sgemm,54,54,54,34.172,0.99000001,2,0.00148,0.429
gpu_unified,sgemm,54,54,54,34.172,0.99000001,2,0.00225,0.283
cpu,sgemm,55,55,55,35.449,0.99000001,2,0.00031,2.136
gpu_offloadOnce,sgemm,55,55,55,35.449,0.99000001,2,0.00131,0.512
gpu_offloadAlways,sgemm,55,55,55,35.449,0.99000001,2,0.00147,0.455
gpu_unified,sgemm,55,55,55,35.449,0.99000001,2,0.00209,0.322
cpu,sgemm,56,56,56,36.750,0.99000001,2,0.00031,2.251
gpu_offloadOnce,sgemm,56,56,56,36.750,0.99000001,2,0.00179,0.396
gpu_offloadAlways,sgemm,56,56,56,36.750,0.99000001,2,0.00150,0.472
gpu_unified,sgemm,56,56,56,36.750,0.99000001,2,0.00200,0.354
cpu,sgemm,57,57,57,38.074,0.99000001,2,0.00032,2.306
gpu_offloadOnce,sgemm,57,57,57,38.074,0.99000001,2,0.00153,0.489
gpu_offloadAlways,sgemm,57,57,57,38.074,0.99000001,2,0.00189,0.395
gpu_unified,sgemm,57,57,57,38.074,0.99000001,2,0.00211,0.354
cpu,sgemm,58,58,58,39.422,0.99000001,2,0.00033,2.406
gpu_offloadOnce,sgemm,58,58,58,39.422,0.99000001,2,0.00154,0.510
gpu_offloadAlways,sgemm,58,58,58,39.422,0.99000001,2,0.00201,0.392
gpu_unified,sgemm,58,58,58,39.422,0.99000001,2,0.00220,0.358
cpu,sgemm,59,59,59,40.793,0.99000001,2,0.04015,0.021
gpu_offloadOnce,sgemm,59,59,59,40.793,0.99000001,2,0.00210,0.395
gpu_offloadAlways,sgemm,59,59,59,40.793,0.99000001,2,0.00215,0.385
gpu_unified,sgemm,59,59,59,40.793,0.99000001,2,0.00277,0.299
cpu,sgemm,60,60,60,42.188,0.99000001,2,0.00045,1.928
gpu_offloadOnce,sgemm,60,60,60,42.188,0.99000001,2,0.00189,0.460
gpu_offloadAlways,sgemm,60,60,60,42.188,0.99000001,2,0.00209,0.416
gpu_unified,sgemm,60,60,60,42.188,0.99000001,2,0.00266,0.328
cpu,sgemm,61,61,61,43.605,0.99000001,2,0.00045,2.017
gpu_offloadOnce,sgemm,61,61,61,43.605,0.99000001,2,0.00197,0.465
gpu_offloadAlways,sgemm,61,61,61,43.605,0.99000001,2,0.00215,0.426
gpu_unified,sgemm,61,61,61,43.605,0.99000001,2,0.00266,0.344
cpu,sgemm,62,62,62,45.047,0.99000001,2,0.05015,0.019
gpu_offloadOnce,sgemm,62,62,62,45.047,0.99000001,2,0.00258,0.373
gpu_offloadAlways,sgemm,62,62,62,45.047,0.99000001,2,0.00287,0.335
gpu_unified,sgemm,62,62,62,45.047,0.99000001,2,0.00314,0.306
cpu,sgemm,63,63,63,46.512,0.99000001,2,0.00058,1.726
gpu_offloadOnce,sgemm,63,63,63,46.512,0.99000001,2,0.00259,0.389
gpu_offloadAlways,sgemm,63,63,63,46.512,0.99000001,2,0.00262,0.384
gpu_unified,sgemm,63,63,63,46.512,0.99000001,2,0.00318,0.317
cpu,sgemm,64,64,64,48.000,0.99000001,2,0.00059,1.798
gpu_offloadOnce,sgemm,64,64,64,48.000,0.99000001,2,0.30288,0.003
gpu_offloadAlways,sgemm,64,64,64,48.000,0.99000001,2,0.00025,4.249
gpu_unified,sgemm,64,64,64,48.000,0.99000001,2,0.13943,0.008
cpu,sgemm,65,65,65,49.512,0.99000001,2,0.06025,0.018
gpu_offloadOnce,sgemm,65,65,65,49.512,0.99000001,2,0.00259,0.428
gpu_offloadAlways,sgemm,65,65,65,49.512,0.99000001,2,0.00246,0.450
gpu_unified,sgemm,65,65,65,49.512,0.99000001,2,0.00302,0.366
cpu,sgemm,66,66,66,51.047,0.99000001,2,0.06017,0.019
gpu_offloadOnce,sgemm,66,66,66,51.047,0.99000001,2,0.00286,0.404
gpu_offloadAlways,sgemm,66,66,66,51.047,0.99000001,2,0.00290,0.400
gpu_unified,sgemm,66,66,66,51.047,0.99000001,2,0.00354,0.327
cpu,sgemm,67,67,67,52.605,0.99000001,2,0.00076,1.592
gpu_offloadOnce,sgemm,67,67,67,52.605,0.99000001,2,0.00263,0.462
gpu_offloadAlways,sgemm,67,67,67,52.605,0.99000001,2,0.00289,0.420
gpu_unified,sgemm,67,67,67,52.605,0.99000001,2,0.00347,0.349
cpu,sgemm,68,68,68,54.188,0.99000001,2,0.00076,1.660
gpu_offloadOnce,sgemm,68,68,68,54.188,0.99000001,2,0.00263,0.481
gpu_offloadAlways,sgemm,68,68,68,54.188,0.99000001,2,0.00314,0.404
gpu_unified,sgemm,68,68,68,54.188,0.99000001,2,0.00347,0.365
cpu,sgemm,69,69,69,55.793,0.99000001,2,0.07021,0.019
gpu_offloadOnce,sgemm,69,69,69,55.793,0.99000001,2,0.00320,0.414
gpu_offloadAlways,sgemm,69,69,69,55.793,0.99000001,2,0.00343,0.386
gpu_unified,sgemm,69,69,69,55.793,0.99000001,2,0.00404,0.327
cpu,sgemm,70,70,70,57.422,0.99000001,2,0.00092,1.502
gpu_offloadOnce,sgemm,70,70,70,57.422,0.99000001,2,0.00290,0.477
gpu_offloadAlways,sgemm,70,70,70,57.422,0.99000001,2,0.00338,0.409
gpu_unified,sgemm,70,70,70,57.422,0.99000001,2,0.00398,0.347
cpu,sgemm,71,71,71,59.074,0.99000001,2,0.08037,0.018
gpu_offloadOnce,sgemm,71,71,71,59.074,0.99000001,2,0.00375,0.385
gpu_offloadAlways,sgemm,71,71,71,59.074,0.99000001,2,0.00394,0.366
gpu_unified,sgemm,71,71,71,59.074,0.99000001,2,0.00459,0.314
cpu,sgemm,72,72,72,60.750,0.99000001,2,0.00110,1.361
gpu_offloadOnce,sgemm,72,72,72,60.750,0.99000001,2,0.00355,0.424
gpu_offloadAlways,sgemm,72,72,72,60.750,0.99000001,2,0.00389,0.387
gpu_unified,sgemm,72,72,72,60.750,0.99000001,2,0.00456,0.330
cpu,sgemm,73,73,73,62.449,0.99000001,2,0.00110,1.430
gpu_offloadOnce,sgemm,73,73,73,62.449,0.99000001,2,0.00388,0.404
gpu_offloadAlways,sgemm,73,73,73,62.449,0.99000001,2,0.00429,0.365
gpu_unified,sgemm,73,73,73,62.449,0.99000001,2,0.00477,0.328
cpu,sgemm,74,74,74,64.172,0.99000001,2,0.09028,0.018
gpu_offloadOnce,sgemm,74,74,74,64.172,0.99000001,2,0.00467,0.350
gpu_offloadAlways,sgemm,74,74,74,64.172,0.99000001,2,0.00492,0.332
gpu_unified,sgemm,74,74,74,64.172,0.99000001,2,0.00557,0.293
cpu,sgemm,75,75,75,65.918,0.99000001,2,0.00127,1.333
gpu_offloadOnce,sgemm,75,75,75,65.918,0.99000001,2,0.00455,0.373
gpu_offloadAlways,sgemm,75,75,75,65.918,0.99000001,2,0.00497,0.342
gpu_unified,sgemm,75,75,75,65.918,0.99000001,2,0.00545,0.312
cpu,sgemm,76,76,76,67.688,0.99000001,2,0.10030,0.018
gpu_offloadOnce,sgemm,76,76,76,67.688,0.99000001,2,0.00534,0.331
gpu_offloadAlways,sgemm,76,76,76,67.688,0.99000001,2,0.00550,0.321
gpu_unified,sgemm,76,76,76,67.688,0.99000001,2,0.00601,0.294
cpu,sgemm,77,77,77,69.480,0.99000001,2,0.00146,1.260
gpu_offloadOnce,sgemm,77,77,77,69.480,0.99000001,2,0.00507,0.363
gpu_offloadAlways,sgemm,77,77,77,69.480,0.99000001,2,0.00565,0.325
gpu_unified,sgemm,77,77,77,69.480,0.99000001,2,0.00611,0.301
cpu,sgemm,78,78,78,71.297,0.99000001,2,0.00149,1.280
gpu_offloadOnce,sgemm,78,78,78,71.297,0.99000001,2,0.00530,0.360
gpu_offloadAlways,sgemm,78,78,78,71.297,0.99000001,2,0.00546,0.350
gpu_unified,sgemm,78,78,78,71.297,0.99000001,2,0.00693,0.276
cpu,sgemm,79,79,79,73.137,0.99000001,2,0.11051,0.018
gpu_offloadOnce,sgemm,79,79,79,73.137,0.99000001,2,0.00791,0.251
gpu_offloadAlways,sgemm,79,79,79,73.137,0.99000001,2,0.00629,0.316
gpu_unified,sgemm,79,79,79,73.137,0.99000001,2,0.00680,0.292
cpu,sgemm,80,80,80,75.000,0.99000001,2,0.12035,0.017
gpu_offloadOnce,sgemm,80,80,80,75.000,0.99000001,2,0.00600,0.343
gpu_offloadAlways,sgemm,80,80,80,75.000,0.99000001,2,0.00648,0.318
gpu_unified,sgemm,80,80,80,75.000,0.99000001,2,0.00727,0.284
cpu,sgemm,81,81,81,76.887,0.99000001,2,0.00192,1.115
gpu_offloadOnce,sgemm,81,81,81,76.887,0.99000001,2,0.00636,0.336
gpu_offloadAlways,sgemm,81,81,81,76.887,0.99000001,2,0.00686,0.312
gpu_unified,sgemm,81,81,81,76.887,0.99000001,2,0.00744,0.287
cpu,sgemm,82,82,82,78.797,0.99000001,2,0.00193,1.151
gpu_offloadOnce,sgemm,82,82,82,78.797,0.99000001,2,0.00628,0.353
gpu_offloadAlways,sgemm,82,82,82,78.797,0.99000001,2,0.00670,0.331
gpu_unified,sgemm,82,82,82,78.797,0.99000001,2,0.00749,0.296
cpu,sgemm,83,83,83,80.730,0.99000001,2,0.13039,0.018
gpu_offloadOnce,sgemm,83,83,83,80.730,0.99000001,2,0.00728,0.316
gpu_offloadAlways,sgemm,83,83,83,80.730,0.99000001,2,0.00741,0.311
gpu_unified,sgemm,83,83,83,80.730,0.99000001,2,0.00811,0.284
cpu,sgemm,84,84,84,82.688,0.99000001,2,0.00216,1.103
gpu_offloadOnce,sgemm,84,84,84,82.688,0.99000001,2,0.00712,0.335
gpu_offloadAlways,sgemm,84,84,84,82.688,0.99000001,2,0.00772,0.309
gpu_unified,sgemm,84,84,84,82.688,0.99000001,2,0.00853,0.279
cpu,sgemm,85,85,85,84.668,0.99000001,2,0.14039,0.018
gpu_offloadOnce,sgemm,85,85,85,84.668,0.99000001,2,0.00788,0.314
gpu_offloadAlways,sgemm,85,85,85,84.668,0.99000001,2,0.00819,0.302
gpu_unified,sgemm,85,85,85,84.668,0.99000001,2,0.00873,0.283
cpu,sgemm,86,86,86,86.672,0.99000001,2,0.00240,1.066
gpu_offloadOnce,sgemm,86,86,86,86.672,0.99000001,2,0.00842,0.304
gpu_offloadAlways,sgemm,86,86,86,86.672,0.99000001,2,0.00843,0.304
gpu_unified,sgemm,86,86,86,86.672,0.99000001,2,0.00912,0.281
cpu,sgemm,87,87,87,88.699,0.99000001,2,0.15052,0.018
gpu_offloadOnce,sgemm,87,87,87,88.699,0.99000001,2,0.00846,0.313
gpu_offloadAlways,sgemm,87,87,87,88.699,0.99000001,2,0.00859,0.308
gpu_unified,sgemm,87,87,87,88.699,0.99000001,2,0.00948,0.279
cpu,sgemm,88,88,88,90.750,0.99000001,2,0.16049,0.017
gpu_offloadOnce,sgemm,88,88,88,90.750,0.99000001,2,0.00944,0.290
gpu_offloadAlways,sgemm,88,88,88,90.750,0.99000001,2,0.00972,0.282
gpu_unified,sgemm,88,88,88,90.750,0.99000001,2,0.01070,0.256
cpu,sgemm,89,89,89,92.824,0.99000001,2,0.00291,0.974
gpu_offloadOnce,sgemm,89,89,89,92.824,0.99000001,2,0.00931,0.305
gpu_offloadAlways,sgemm,89,89,89,92.824,0.99000001,2,0.01032,0.275
gpu_unified,sgemm,89,89,89,92.824,0.99000001,2,0.01048,0.271
cpu,sgemm,90,90,90,94.922,0.99000001,2,0.17051,0.017
gpu_offloadOnce,sgemm,90,90,90,94.922,0.99000001,2,0.01101,0.266
gpu_offloadAlways,sgemm,90,90,90,94.922,0.99000001,2,0.01146,0.256
gpu_unified,sgemm,90,90,90,94.922,0.99000001,2,0.01191,0.246
cpu,sgemm,91,91,91,97.043,0.99000001,2,0.00327,0.927
gpu_offloadOnce,sgemm,91,91,91,97.043,0.99000001,2,0.01503,0.202
gpu_offloadAlways,sgemm,91,91,91,97.043,0.99000001,2,0.01061,0.286
gpu_unified,sgemm,91,91,91,97.043,0.99000001,2,0.01126,0.269
cpu,sgemm,92,92,92,99.188,0.99000001,2,0.18063,0.017
gpu_offloadOnce,sgemm,92,92,92,99.188,0.99000001,2,0.01170,0.268
gpu_offloadAlways,sgemm,92,92,92,99.188,0.99000001,2,0.01105,0.284
gpu_unified,sgemm,92,92,92,99.188,0.99000001,2,0.01267,0.247
cpu,sgemm,93,93,93,101.355,0.99000001,2,0.19056,0.017
gpu_offloadOnce,sgemm,93,93,93,101.355,0.99000001,2,0.01154,0.280
gpu_offloadAlways,sgemm,93,93,93,101.355,0.99000001,2,0.01167,0.277
gpu_unified,sgemm,93,93,93,101.355,0.99000001,2,0.01368,0.236
cpu,sgemm,94,94,94,103.547,0.99000001,2,0.00373,0.896
gpu_offloadOnce,sgemm,94,94,94,103.547,0.99000001,2,0.01078,0.310
gpu_offloadAlways,sgemm,94,94,94,103.547,0.99000001,2,0.01113,0.300
gpu_unified,sgemm,94,94,94,103.547,0.99000001,2,0.01305,0.256
cpu,sgemm,95,95,95,105.762,0.99000001,2,0.20067,0.017
gpu_offloadOnce,sgemm,95,95,95,105.762,0.99000001,2,0.01183,0.291
gpu_offloadAlways,sgemm,95,95,95,105.762,0.99000001,2,0.01199,0.288
gpu_unified,sgemm,95,95,95,105.762,0.99000001,2,0.01374,0.251
cpu,sgemm,96,96,96,108.000,0.99000001,2,0.21073,0.017
gpu_offloadOnce,sgemm,96,96,96,108.000,0.99000001,2,0.01033,0.344
gpu_offloadAlways,sgemm,96,96,96,108.000,0.99000001,2,0.01175,0.303
gpu_unified,sgemm,96,96,96,108.000,0.99000001,2,0.01350,0.264
cpu,sgemm,97,97,97,110.262,0.99000001,2,0.22073,0.017
gpu_offloadOnce,sgemm,97,97,97,110.262,0.99000001,2,0.01254,0.293
gpu_offloadAlways,sgemm,97,97,97,110.262,0.99000001,2,0.01287,0.285
gpu_unified,sgemm,97,97,97,110.262,0.99000001,2,0.01558,0.235
cpu,sgemm,98,98,98,112.547,0.99000001,2,0.00465,0.813
gpu_offloadOnce,sgemm,98,98,98,112.547,0.99000001,2,0.01190,0.318
gpu_offloadAlways,sgemm,98,98,98,112.547,0.99000001,2,0.01305,0.290
gpu_unified,sgemm,98,98,98,112.547,0.99000001,2,0.01552,0.244
cpu,sgemm,99,99,99,114.855,0.99000001,2,0.23081,0.017
gpu_offloadOnce,sgemm,99,99,99,114.855,0.99000001,2,0.01279,0.305
gpu_offloadAlways,sgemm,99,99,99,114.855,0.99000001,2,0.01282,0.304
gpu_unified,sgemm,99,99,99,114.855,0.99000001,2,0.01595,0.244
cpu,sgemm,100,100,100,117.188,0.99000001,2,0.24086,0.017
gpu_offloadOnce,sgemm,100,100,100,117.188,0.99000001,2,0.01357,0.296
gpu_offloadAlways,sgemm,100,100,100,117.188,0.99000001,2,0.01342,0.300
gpu_unified,sgemm,100,100,100,117.188,0.99000001,2,0.01636,0.246
cpu,sgemm,101,101,101,119.543,0.99000001,2,0.25089,0.017
gpu_offloadOnce,sgemm,101,101,101,119.543,0.99000001,2,0.01473,0.281
gpu_offloadAlways,sgemm,101,101,101,119.543,0.99000001,2,0.01464,0.283
gpu_unified,sgemm,101,101,101,119.543,0.99000001,2,0.01837,0.225
cpu,sgemm,102,102,102,121.922,0.99000001,2,0.00560,0.761
gpu_offloadOnce,sgemm,102,102,102,121.922,0.99000001,2,0.01450,0.294
gpu_offloadAlways,sgemm,102,102,102,121.922,0.99000001,2,0.01511,0.282
gpu_unified,sgemm,102,102,102,121.922,0.99000001,2,0.01833,0.233
cpu,sgemm,103,103,103,124.324,0.99000001,2,0.26098,0.017
gpu_offloadOnce,sgemm,103,103,103,124.324,0.99000001,2,0.01574,0.279
gpu_offloadAlways,sgemm,103,103,103,124.324,0.99000001,2,0.01583,0.278
gpu_unified,sgemm,103,103,103,124.324,0.99000001,2,0.01941,0.226
cpu,sgemm,104,104,104,126.750,0.99000001,2,0.27095,0.017
gpu_offloadOnce,sgemm,104,104,104,126.750,0.99000001,2,0.01596,0.283
gpu_offloadAlways,sgemm,104,104,104,126.750,0.99000001,2,0.01622,0.279
gpu_unified,sgemm,104,104,104,126.750,0.99000001,2,0.01898,0.238
cpu,sgemm,105,105,105,129.199,0.99000001,2,0.28098,0.017
gpu_offloadOnce,sgemm,105,105,105,129.199,0.99000001,2,0.01856,0.251
gpu_offloadAlways,sgemm,105,105,105,129.199,0.99000001,2,0.01913,0.243
gpu_unified,sgemm,105,105,105,129.199,0.99000001,2,0.02219,0.210
cpu,sgemm,106,106,106,131.672,0.99000001,2,0.00662,0.723
gpu_offloadOnce,sgemm,106,106,106,131.672,0.99000001,2,0.01975,0.242
gpu_offloadAlways,sgemm,106,106,106,131.672,0.99000001,2,0.01917,0.250
gpu_unified,sgemm,106,106,106,131.672,0.99000001,2,0.02118,0.226
cpu,sgemm,107,107,107,134.168,0.99000001,2,0.29104,0.017
gpu_offloadOnce,sgemm,107,107,107,134.168,0.99000001,2,0.02015,0.244
gpu_offloadAlways,sgemm,107,107,107,134.168,0.99000001,2,0.01935,0.254
gpu_unified,sgemm,107,107,107,134.168,0.99000001,2,0.02200,0.224
cpu,sgemm,108,108,108,136.688,0.99000001,2,0.30097,0.017
gpu_offloadOnce,sgemm,108,108,108,136.688,0.99000001,2,0.01962,0.258
gpu_offloadAlways,sgemm,108,108,108,136.688,0.99000001,2,0.01992,0.254
gpu_unified,sgemm,108,108,108,136.688,0.99000001,2,0.02264,0.224
cpu,sgemm,109,109,109,139.230,0.99000001,2,0.31114,0.017
gpu_offloadOnce,sgemm,109,109,109,139.230,0.99000001,2,0.02034,0.256
gpu_offloadAlways,sgemm,109,109,109,139.230,0.99000001,2,0.02084,0.250
gpu_unified,sgemm,109,109,109,139.230,0.99000001,2,0.02311,0.225
cpu,sgemm,110,110,110,141.797,0.99000001,2,0.32106,0.017
gpu_offloadOnce,sgemm,110,110,110,141.797,0.99000001,2,0.02105,0.254
gpu_offloadAlways,sgemm,110,110,110,141.797,0.99000001,2,0.02162,0.247
gpu_unified,sgemm,110,110,110,141.797,0.99000001,2,0.02425,0.221
cpu,sgemm,111,111,111,144.387,0.99000001,2,0.33120,0.017
gpu_offloadOnce,sgemm,111,111,111,144.387,0.99000001,2,0.03403,0.161
gpu_offloadAlways,sgemm,111,111,111,144.387,0.99000001,2,0.02394,0.230
gpu_unified,sgemm,111,111,111,144.387,0.99000001,2,0.01228,0.448
cpu,sgemm,112,112,112,147.000,0.99000001,2,0.36410,0.016
gpu_offloadOnce,sgemm,112,112,112,147.000,0.99000001,2,0.02301,0.245
gpu_offloadAlways,sgemm,112,112,112,147.000,0.99000001,2,0.02214,0.255
gpu_unified,sgemm,112,112,112,147.000,0.99000001,2,0.01141,0.495
cpu,sgemm,113,113,113,149.637,0.99000001,2,0.36950,0.016
gpu_offloadOnce,sgemm,113,113,113,149.637,0.99000001,2,0.02346,0.247
gpu_offloadAlways,sgemm,113,113,113,149.637,0.99000001,2,0.02417,0.240
gpu_unified,sgemm,113,113,113,149.637,0.99000001,2,0.00850,0.682
cpu,sgemm,114,114,114,152.297,0.99000001,2,0.38359,0.016
gpu_offloadOnce,sgemm,114,114,114,152.297,0.99000001,2,0.02434,0.245
gpu_offloadAlways,sgemm,114,114,114,152.297,0.99000001,2,0.01881,0.316
gpu_unified,sgemm,114,114,114,152.297,0.99000001,2,0.00944,0.630
cpu,sgemm,115,115,115,154.980,0.99000001,2,0.39917,0.015
gpu_offloadOnce,sgemm,115,115,115,154.980,0.99000001,2,0.02522,0.242
gpu_offloadAlways,sgemm,115,115,115,154.980,0.99000001,2,0.01213,0.504
gpu_unified,sgemm,115,115,115,154.980,0.99000001,2,0.01076,0.568
cpu,sgemm,116,116,116,157.688,0.99000001,2,0.41479,0.015
gpu_offloadOnce,sgemm,116,116,116,157.688,0.99000001,2,0.02245,0.279
gpu_offloadAlways,sgemm,116,116,116,157.688,0.99000001,2,0.01395,0.450
gpu_unified,sgemm,116,116,116,157.688,0.99000001,2,0.01221,0.513
cpu,sgemm,117,117,117,160.418,0.99000001,2,0.43776,0.015
gpu_offloadOnce,sgemm,117,117,117,160.418,0.99000001,2,0.01763,0.365
gpu_offloadAlways,sgemm,117,117,117,160.418,0.99000001,2,0.01098,0.586
gpu_unified,sgemm,117,117,117,160.418,0.99000001,2,0.01278,0.504
cpu,sgemm,118,118,118,163.172,0.99000001,2,0.44881,0.015
gpu_offloadOnce,sgemm,118,118,118,163.172,0.99000001,2,0.01210,0.545
gpu_offloadAlways,sgemm,118,118,118,163.172,0.99000001,2,0.01175,0.562
gpu_unified,sgemm,118,118,118,163.172,0.99000001,2,0.01435,0.460
cpu,sgemm,119,119,119,165.949,0.99000001,2,0.45933,0.015
gpu_offloadOnce,sgemm,119,119,119,165.949,0.99000001,2,0.01232,0.550
gpu_offloadAlways,sgemm,119,119,119,165.949,0.99000001,2,0.01229,0.551
gpu_unified,sgemm,119,119,119,165.949,0.99000001,2,0.01402,0.483
cpu,sgemm,120,120,120,168.750,0.99000001,2,0.46755,0.015
gpu_offloadOnce,sgemm,120,120,120,168.750,0.99000001,2,0.01300,0.534
gpu_offloadAlways,sgemm,120,120,120,168.750,0.99000001,2,0.01312,0.529
gpu_unified,sgemm,120,120,120,168.750,0.99000001,2,0.01474,0.471
cpu,sgemm,121,121,121,171.574,0.99000001,2,0.47783,0.015
gpu_offloadOnce,sgemm,121,121,121,171.574,0.99000001,2,0.01430,0.498
gpu_offloadAlways,sgemm,121,121,121,171.574,0.99000001,2,0.01489,0.478
gpu_unified,sgemm,121,121,121,171.574,0.99000001,2,0.01610,0.442
cpu,sgemm,122,122,122,174.422,0.99000001,2,0.49084,0.015
gpu_offloadOnce,sgemm,122,122,122,174.422,0.99000001,2,0.01698,0.429
gpu_offloadAlways,sgemm,122,122,122,174.422,0.99000001,2,0.01568,0.465
gpu_unified,sgemm,122,122,122,174.422,0.99000001,2,0.01696,0.430
cpu,sgemm,123,123,123,177.293,0.99000001,2,0.50347,0.015
gpu_offloadOnce,sgemm,123,123,123,177.293,0.99000001,2,0.01601,0.467
gpu_offloadAlways,sgemm,123,123,123,177.293,0.99000001,2,0.01641,0.455
gpu_unified,sgemm,123,123,123,177.293,0.99000001,2,0.01766,0.423
cpu,sgemm,124,124,124,180.188,0.99000001,2,0.51180,0.015
gpu_offloadOnce,sgemm,124,124,124,180.188,0.99000001,2,0.01755,0.436
gpu_offloadAlways,sgemm,124,124,124,180.188,0.99000001,2,0.01821,0.421
gpu_unified,sgemm,124,124,124,180.188,0.99000001,2,0.01581,0.484
cpu,sgemm,125,125,125,183.105,0.99000001,2,0.53202,0.015
gpu_offloadOnce,sgemm,125,125,125,183.105,0.99000001,2,0.01918,0.409
gpu_offloadAlways,sgemm,125,125,125,183.105,0.99000001,2,0.01902,0.412
gpu_unified,sgemm,125,125,125,183.105,0.99000001,2,0.01374,0.571
cpu,sgemm,126,126,126,186.047,0.99000001,2,0.11550,0.070
gpu_offloadOnce,sgemm,126,126,126,186.047,0.99000001,2,0.03692,0.218
gpu_offloadAlways,sgemm,126,126,126,186.047,0.99000001,2,0.04429,0.181
gpu_unified,sgemm,126,126,126,186.047,0.99000001,2,0.04124,0.195
cpu,sgemm,127,127,127,189.012,0.99000001,2,0.01464,0.562
gpu_offloadOnce,sgemm,127,127,127,189.012,0.99000001,2,0.03716,0.221
gpu_offloadAlways,sgemm,127,127,127,189.012,0.99000001,2,0.04066,0.202
gpu_unified,sgemm,127,127,127,189.012,0.99000001,2,0.04142,0.199
cpu,sgemm,128,128,128,192.000,0.99000001,2,0.01478,0.570
gpu_offloadOnce,sgemm,128,128,128,192.000,0.99000001,2,0.03703,0.227
gpu_offloadAlways,sgemm,128,128,128,192.000,0.99000001,2,0.02947,0.286
gpu_unified,sgemm,128,128,128,192.000,0.99000001,2,0.03673,0.229
